,OrderID,RejectionReason
0,ORDER_10,REJECTED-MISMATCH CURRENCY
1,ORDER_20,REJECTED-MISMATCH CURRENCY
2,ORDER_30,REJECTED-MISMATCH CURRENCY
3,ORDER_40,REJECTED-MISMATCH CURRENCY
4,ORDER_50,REJECTED-MISMATCH CURRENCY
5,ORDER_60,REJECTED-MISMATCH CURRENCY
6,ORDER_70,REJECTED-MISMATCH CURRENCY
7,ORDER_80,REJECTED-MISMATCH CURRENCY
8,ORDER_90,REJECTED-MISMATCH CURRENCY
9,ORDER_100,REJECTED-MISMATCH CURRENCY
10,ORDER_1875,REJECTED-MISMATCH CURRENCY
11,ORDER_2875,REJECTED-MISMATCH CURRENCY
12,ORDER_3875,REJECTED-MISMATCH CURRENCY
13,ORDER_4875,REJECTED-MISMATCH CURRENCY
14,ORDER_5875,REJECTED-MISMATCH CURRENCY
15,ORDER_6875,REJECTED-MISMATCH CURRENCY
16,ORDER_7875,REJECTED-MISMATCH CURRENCY
17,ORDER_8875,REJECTED-MISMATCH CURRENCY
18,ORDER_9875,REJECTED-MISMATCH CURRENCY
19,ORDER_10875,REJECTED-MISMATCH CURRENCY
20,ORDER_1450,REJECTED-INVALID LOT SIZE
21,ORDER_2450,REJECTED-INVALID LOT SIZE
22,ORDER_3450,REJECTED-INVALID LOT SIZE
23,ORDER_4450,REJECTED-INVALID LOT SIZE
24,ORDER_5450,REJECTED-INVALID LOT SIZE
25,ORDER_6450,REJECTED-INVALID LOT SIZE
26,ORDER_7450,REJECTED-INVALID LOT SIZE
27,ORDER_8450,REJECTED-INVALID LOT SIZE
28,ORDER_9450,REJECTED-INVALID LOT SIZE
29,ORDER_10450,REJECTED-INVALID LOT SIZE
30,ORDER_125,REJECTED-INVALID LOT SIZE
31,ORDER_1455,REJECTED-MISMATCH CURRENCY
32,ORDER_225,REJECTED-INVALID LOT SIZE
33,ORDER_2455,REJECTED-MISMATCH CURRENCY
34,ORDER_325,REJECTED-INVALID LOT SIZE
35,ORDER_3455,REJECTED-MISMATCH CURRENCY
36,ORDER_425,REJECTED-INVALID LOT SIZE
37,ORDER_4455,REJECTED-MISMATCH CURRENCY
38,ORDER_525,REJECTED-INVALID LOT SIZE
39,ORDER_5455,REJECTED-MISMATCH CURRENCY
40,ORDER_625,REJECTED-INVALID LOT SIZE
41,ORDER_6455,REJECTED-MISMATCH CURRENCY
42,ORDER_725,REJECTED-INVALID LOT SIZE
43,ORDER_7455,REJECTED-MISMATCH CURRENCY
44,ORDER_825,REJECTED-INVALID LOT SIZE
45,ORDER_8455,REJECTED-MISMATCH CURRENCY
46,ORDER_925,REJECTED-INVALID LOT SIZE
47,ORDER_9455,REJECTED-MISMATCH CURRENCY
48,ORDER_1025,REJECTED-INVALID LOT SIZE
49,ORDER_10455,REJECTED-MISMATCH CURRENCY
50,ORDER_135,REJECTED-MISMATCH CURRENCY
51,ORDER_235,REJECTED-MISMATCH CURRENCY
52,ORDER_335,REJECTED-MISMATCH CURRENCY
53,ORDER_435,REJECTED-MISMATCH CURRENCY
54,ORDER_535,REJECTED-MISMATCH CURRENCY
55,ORDER_635,REJECTED-MISMATCH CURRENCY
56,ORDER_735,REJECTED-MISMATCH CURRENCY
57,ORDER_835,REJECTED-MISMATCH CURRENCY
58,ORDER_935,REJECTED-MISMATCH CURRENCY
59,ORDER_1035,REJECTED-MISMATCH CURRENCY
60,ORDER_1900,REJECTED-INVALID LOT SIZE
61,ORDER_2900,REJECTED-INVALID LOT SIZE
62,ORDER_3900,REJECTED-INVALID LOT SIZE
63,ORDER_4900,REJECTED-INVALID LOT SIZE
64,ORDER_5900,REJECTED-INVALID LOT SIZE
65,ORDER_6900,REJECTED-INVALID LOT SIZE
66,ORDER_7900,REJECTED-INVALID LOT SIZE
67,ORDER_8900,REJECTED-INVALID LOT SIZE
68,ORDER_9900,REJECTED-INVALID LOT SIZE
69,ORDER_10900,REJECTED-INVALID LOT SIZE
70,ORDER_1475,REJECTED-INVALID LOT SIZE
71,ORDER_2475,REJECTED-INVALID LOT SIZE
72,ORDER_3475,REJECTED-INVALID LOT SIZE
73,ORDER_4475,REJECTED-INVALID LOT SIZE
74,ORDER_5475,REJECTED-INVALID LOT SIZE
75,ORDER_6475,REJECTED-INVALID LOT SIZE
76,ORDER_7475,REJECTED-INVALID LOT SIZE
77,ORDER_8475,REJECTED-INVALID LOT SIZE
78,ORDER_9475,REJECTED-INVALID LOT SIZE
79,ORDER_10475,REJECTED-INVALID LOT SIZE
80,ORDER_150,REJECTED-INVALID LOT SIZE
81,ORDER_1910,REJECTED-MISMATCH CURRENCY
82,ORDER_250,REJECTED-INVALID LOT SIZE
83,ORDER_2910,REJECTED-MISMATCH CURRENCY
84,ORDER_350,REJECTED-INVALID LOT SIZE
85,ORDER_3910,REJECTED-MISMATCH CURRENCY
86,ORDER_450,REJECTED-INVALID LOT SIZE
87,ORDER_4910,REJECTED-MISMATCH CURRENCY
88,ORDER_550,REJECTED-INVALID LOT SIZE
89,ORDER_5910,REJECTED-MISMATCH CURRENCY
90,ORDER_650,REJECTED-INVALID LOT SIZE
91,ORDER_6910,REJECTED-MISMATCH CURRENCY
92,ORDER_750,REJECTED-INVALID LOT SIZE
93,ORDER_7910,REJECTED-MISMATCH CURRENCY
94,ORDER_850,REJECTED-INVALID LOT SIZE
95,ORDER_8910,REJECTED-MISMATCH CURRENCY
96,ORDER_950,REJECTED-INVALID LOT SIZE
97,ORDER_9910,REJECTED-MISMATCH CURRENCY
98,ORDER_1050,REJECTED-INVALID LOT SIZE
99,ORDER_10910,REJECTED-MISMATCH CURRENCY
100,ORDER_1490,REJECTED-MISMATCH CURRENCY
101,ORDER_2490,REJECTED-MISMATCH CURRENCY
102,ORDER_3490,REJECTED-MISMATCH CURRENCY
103,ORDER_4490,REJECTED-MISMATCH CURRENCY
104,ORDER_5490,REJECTED-MISMATCH CURRENCY
105,ORDER_6490,REJECTED-MISMATCH CURRENCY
106,ORDER_7490,REJECTED-MISMATCH CURRENCY
107,ORDER_8490,REJECTED-MISMATCH CURRENCY
108,ORDER_9490,REJECTED-MISMATCH CURRENCY
109,ORDER_10490,REJECTED-MISMATCH CURRENCY
110,ORDER_1925,REJECTED-INVALID LOT SIZE
111,ORDER_2925,REJECTED-INVALID LOT SIZE
112,ORDER_3925,REJECTED-INVALID LOT SIZE
113,ORDER_4925,REJECTED-INVALID LOT SIZE
114,ORDER_5925,REJECTED-INVALID LOT SIZE
115,ORDER_6925,REJECTED-INVALID LOT SIZE
116,ORDER_7925,REJECTED-INVALID LOT SIZE
117,ORDER_8925,REJECTED-INVALID LOT SIZE
118,ORDER_9925,REJECTED-INVALID LOT SIZE
119,ORDER_10925,REJECTED-INVALID LOT SIZE
120,ORDER_170,REJECTED-MISMATCH CURRENCY
121,ORDER_1500,REJECTED-INVALID LOT SIZE
122,ORDER_270,REJECTED-MISMATCH CURRENCY
123,ORDER_2500,REJECTED-INVALID LOT SIZE
124,ORDER_370,REJECTED-MISMATCH CURRENCY
125,ORDER_3500,REJECTED-INVALID LOT SIZE
126,ORDER_470,REJECTED-MISMATCH CURRENCY
127,ORDER_4500,REJECTED-INVALID LOT SIZE
128,ORDER_570,REJECTED-MISMATCH CURRENCY
129,ORDER_5500,REJECTED-INVALID LOT SIZE
130,ORDER_670,REJECTED-MISMATCH CURRENCY
131,ORDER_6500,REJECTED-INVALID LOT SIZE
132,ORDER_770,REJECTED-MISMATCH CURRENCY
133,ORDER_7500,REJECTED-INVALID LOT SIZE
134,ORDER_870,REJECTED-MISMATCH CURRENCY
135,ORDER_8500,REJECTED-INVALID LOT SIZE
136,ORDER_970,REJECTED-MISMATCH CURRENCY
137,ORDER_9500,REJECTED-INVALID LOT SIZE
138,ORDER_1070,REJECTED-MISMATCH CURRENCY
139,ORDER_10500,REJECTED-INVALID LOT SIZE
140,ORDER_175,REJECTED-INVALID LOT SIZE
141,ORDER_275,REJECTED-INVALID LOT SIZE
142,ORDER_375,REJECTED-INVALID LOT SIZE
143,ORDER_475,REJECTED-INVALID LOT SIZE
144,ORDER_575,REJECTED-INVALID LOT SIZE
145,ORDER_675,REJECTED-INVALID LOT SIZE
146,ORDER_775,REJECTED-INVALID LOT SIZE
147,ORDER_875,REJECTED-INVALID LOT SIZE
148,ORDER_975,REJECTED-INVALID LOT SIZE
149,ORDER_1075,REJECTED-INVALID LOT SIZE
150,ORDER_1945,REJECTED-MISMATCH CURRENCY
151,ORDER_2945,REJECTED-MISMATCH CURRENCY
152,ORDER_3945,REJECTED-MISMATCH CURRENCY
153,ORDER_4945,REJECTED-MISMATCH CURRENCY
154,ORDER_5945,REJECTED-MISMATCH CURRENCY
155,ORDER_6945,REJECTED-MISMATCH CURRENCY
156,ORDER_7945,REJECTED-MISMATCH CURRENCY
157,ORDER_8945,REJECTED-MISMATCH CURRENCY
158,ORDER_9945,REJECTED-MISMATCH CURRENCY
159,ORDER_10945,REJECTED-MISMATCH CURRENCY
160,ORDER_1950,REJECTED-INVALID LOT SIZE
161,ORDER_2950,REJECTED-INVALID LOT SIZE
162,ORDER_3950,REJECTED-INVALID LOT SIZE
163,ORDER_4950,REJECTED-INVALID LOT SIZE
164,ORDER_5950,REJECTED-INVALID LOT SIZE
165,ORDER_6950,REJECTED-INVALID LOT SIZE
166,ORDER_7950,REJECTED-INVALID LOT SIZE
167,ORDER_8950,REJECTED-INVALID LOT SIZE
168,ORDER_9950,REJECTED-INVALID LOT SIZE
169,ORDER_10950,REJECTED-INVALID LOT SIZE
170,ORDER_1525,REJECTED-MISMATCH CURRENCY
171,ORDER_2525,REJECTED-MISMATCH CURRENCY
172,ORDER_3525,REJECTED-MISMATCH CURRENCY
173,ORDER_4525,REJECTED-MISMATCH CURRENCY
174,ORDER_5525,REJECTED-MISMATCH CURRENCY
175,ORDER_6525,REJECTED-MISMATCH CURRENCY
176,ORDER_7525,REJECTED-MISMATCH CURRENCY
177,ORDER_8525,REJECTED-MISMATCH CURRENCY
178,ORDER_9525,REJECTED-MISMATCH CURRENCY
179,ORDER_10525,REJECTED-MISMATCH CURRENCY
180,ORDER_1100,REJECTED-INVALID LOT SIZE
181,ORDER_2100,REJECTED-INVALID LOT SIZE
182,ORDER_3100,REJECTED-INVALID LOT SIZE
183,ORDER_4100,REJECTED-INVALID LOT SIZE
184,ORDER_5100,REJECTED-INVALID LOT SIZE
185,ORDER_6100,REJECTED-INVALID LOT SIZE
186,ORDER_7100,REJECTED-INVALID LOT SIZE
187,ORDER_8100,REJECTED-INVALID LOT SIZE
188,ORDER_9100,REJECTED-INVALID LOT SIZE
189,ORDER_10100,REJECTED-INVALID LOT SIZE
190,ORDER_1105,REJECTED-MISMATCH CURRENCY
191,ORDER_2105,REJECTED-MISMATCH CURRENCY
192,ORDER_3105,REJECTED-MISMATCH CURRENCY
193,ORDER_4105,REJECTED-MISMATCH CURRENCY
194,ORDER_5105,REJECTED-MISMATCH CURRENCY
195,ORDER_6105,REJECTED-MISMATCH CURRENCY
196,ORDER_7105,REJECTED-MISMATCH CURRENCY
197,ORDER_8105,REJECTED-MISMATCH CURRENCY
198,ORDER_9105,REJECTED-MISMATCH CURRENCY
199,ORDER_10105,REJECTED-MISMATCH CURRENCY
200,ORDER_1975,REJECTED-INVALID LOT SIZE
201,ORDER_2975,REJECTED-INVALID LOT SIZE
202,ORDER_3975,REJECTED-INVALID LOT SIZE
203,ORDER_4975,REJECTED-INVALID LOT SIZE
204,ORDER_5975,REJECTED-INVALID LOT SIZE
205,ORDER_6975,REJECTED-INVALID LOT SIZE
206,ORDER_7975,REJECTED-INVALID LOT SIZE
207,ORDER_8975,REJECTED-INVALID LOT SIZE
208,ORDER_9975,REJECTED-INVALID LOT SIZE
209,ORDER_10975,REJECTED-INVALID LOT SIZE
210,ORDER_1550,REJECTED-INVALID LOT SIZE
211,ORDER_1980,REJECTED-MISMATCH CURRENCY
212,ORDER_2550,REJECTED-INVALID LOT SIZE
213,ORDER_2980,REJECTED-MISMATCH CURRENCY
214,ORDER_3550,REJECTED-INVALID LOT SIZE
215,ORDER_3980,REJECTED-MISMATCH CURRENCY
216,ORDER_4550,REJECTED-INVALID LOT SIZE
217,ORDER_4980,REJECTED-MISMATCH CURRENCY
218,ORDER_5550,REJECTED-INVALID LOT SIZE
219,ORDER_5980,REJECTED-MISMATCH CURRENCY
220,ORDER_6550,REJECTED-INVALID LOT SIZE
221,ORDER_6980,REJECTED-MISMATCH CURRENCY
222,ORDER_7550,REJECTED-INVALID LOT SIZE
223,ORDER_7980,REJECTED-MISMATCH CURRENCY
224,ORDER_8550,REJECTED-INVALID LOT SIZE
225,ORDER_8980,REJECTED-MISMATCH CURRENCY
226,ORDER_9550,REJECTED-INVALID LOT SIZE
227,ORDER_9980,REJECTED-MISMATCH CURRENCY
228,ORDER_10550,REJECTED-INVALID LOT SIZE
229,ORDER_10980,REJECTED-MISMATCH CURRENCY
230,ORDER_1125,REJECTED-INVALID LOT SIZE
231,ORDER_2125,REJECTED-INVALID LOT SIZE
232,ORDER_3125,REJECTED-INVALID LOT SIZE
233,ORDER_4125,REJECTED-INVALID LOT SIZE
234,ORDER_5125,REJECTED-INVALID LOT SIZE
235,ORDER_6125,REJECTED-INVALID LOT SIZE
236,ORDER_7125,REJECTED-INVALID LOT SIZE
237,ORDER_8125,REJECTED-INVALID LOT SIZE
238,ORDER_9125,REJECTED-INVALID LOT SIZE
239,ORDER_10125,REJECTED-INVALID LOT SIZE
240,ORDER_1560,REJECTED-MISMATCH CURRENCY
241,ORDER_2560,REJECTED-MISMATCH CURRENCY
242,ORDER_3560,REJECTED-MISMATCH CURRENCY
243,ORDER_4560,REJECTED-MISMATCH CURRENCY
244,ORDER_5560,REJECTED-MISMATCH CURRENCY
245,ORDER_6560,REJECTED-MISMATCH CURRENCY
246,ORDER_7560,REJECTED-MISMATCH CURRENCY
247,ORDER_8560,REJECTED-MISMATCH CURRENCY
248,ORDER_9560,REJECTED-MISMATCH CURRENCY
249,ORDER_10560,REJECTED-MISMATCH CURRENCY
250,ORDER_1140,REJECTED-MISMATCH CURRENCY
251,ORDER_2140,REJECTED-MISMATCH CURRENCY
252,ORDER_3140,REJECTED-MISMATCH CURRENCY
253,ORDER_4140,REJECTED-MISMATCH CURRENCY
254,ORDER_5140,REJECTED-MISMATCH CURRENCY
255,ORDER_6140,REJECTED-MISMATCH CURRENCY
256,ORDER_7140,REJECTED-MISMATCH CURRENCY
257,ORDER_8140,REJECTED-MISMATCH CURRENCY
258,ORDER_9140,REJECTED-MISMATCH CURRENCY
259,ORDER_10140,REJECTED-MISMATCH CURRENCY
260,ORDER_1575,REJECTED-INVALID LOT SIZE
261,ORDER_2575,REJECTED-INVALID LOT SIZE
262,ORDER_3575,REJECTED-INVALID LOT SIZE
263,ORDER_4575,REJECTED-INVALID LOT SIZE
264,ORDER_5575,REJECTED-INVALID LOT SIZE
265,ORDER_6575,REJECTED-INVALID LOT SIZE
266,ORDER_7575,REJECTED-INVALID LOT SIZE
267,ORDER_8575,REJECTED-INVALID LOT SIZE
268,ORDER_9575,REJECTED-INVALID LOT SIZE
269,ORDER_10575,REJECTED-INVALID LOT SIZE
270,ORDER_1150,REJECTED-INVALID LOT SIZE
271,ORDER_2150,REJECTED-INVALID LOT SIZE
272,ORDER_3150,REJECTED-INVALID LOT SIZE
273,ORDER_4150,REJECTED-INVALID LOT SIZE
274,ORDER_5150,REJECTED-INVALID LOT SIZE
275,ORDER_6150,REJECTED-INVALID LOT SIZE
276,ORDER_7150,REJECTED-INVALID LOT SIZE
277,ORDER_8150,REJECTED-INVALID LOT SIZE
278,ORDER_9150,REJECTED-INVALID LOT SIZE
279,ORDER_10150,REJECTED-INVALID LOT SIZE
280,ORDER_1595,REJECTED-MISMATCH CURRENCY
281,ORDER_2595,REJECTED-MISMATCH CURRENCY
282,ORDER_3595,REJECTED-MISMATCH CURRENCY
283,ORDER_4595,REJECTED-MISMATCH CURRENCY
284,ORDER_5595,REJECTED-MISMATCH CURRENCY
285,ORDER_6595,REJECTED-MISMATCH CURRENCY
286,ORDER_7595,REJECTED-MISMATCH CURRENCY
287,ORDER_8595,REJECTED-MISMATCH CURRENCY
288,ORDER_9595,REJECTED-MISMATCH CURRENCY
289,ORDER_10595,REJECTED-MISMATCH CURRENCY
290,ORDER_1600,REJECTED-INVALID LOT SIZE
291,ORDER_2600,REJECTED-INVALID LOT SIZE
292,ORDER_3600,REJECTED-INVALID LOT SIZE
293,ORDER_4600,REJECTED-INVALID LOT SIZE
294,ORDER_5600,REJECTED-INVALID LOT SIZE
295,ORDER_6600,REJECTED-INVALID LOT SIZE
296,ORDER_7600,REJECTED-INVALID LOT SIZE
297,ORDER_8600,REJECTED-INVALID LOT SIZE
298,ORDER_9600,REJECTED-INVALID LOT SIZE
299,ORDER_10600,REJECTED-INVALID LOT SIZE
300,ORDER_1175,REJECTED-MISMATCH CURRENCY
301,ORDER_2175,REJECTED-MISMATCH CURRENCY
302,ORDER_3175,REJECTED-MISMATCH CURRENCY
303,ORDER_4175,REJECTED-MISMATCH CURRENCY
304,ORDER_5175,REJECTED-MISMATCH CURRENCY
305,ORDER_6175,REJECTED-MISMATCH CURRENCY
306,ORDER_7175,REJECTED-MISMATCH CURRENCY
307,ORDER_8175,REJECTED-MISMATCH CURRENCY
308,ORDER_9175,REJECTED-MISMATCH CURRENCY
309,ORDER_10175,REJECTED-MISMATCH CURRENCY
310,ORDER_1625,REJECTED-INVALID LOT SIZE
311,ORDER_2625,REJECTED-INVALID LOT SIZE
312,ORDER_3625,REJECTED-INVALID LOT SIZE
313,ORDER_4625,REJECTED-INVALID LOT SIZE
314,ORDER_5625,REJECTED-INVALID LOT SIZE
315,ORDER_6625,REJECTED-INVALID LOT SIZE
316,ORDER_7625,REJECTED-INVALID LOT SIZE
317,ORDER_8625,REJECTED-INVALID LOT SIZE
318,ORDER_9625,REJECTED-INVALID LOT SIZE
319,ORDER_10625,REJECTED-INVALID LOT SIZE
320,ORDER_1200,REJECTED-INVALID LOT SIZE
321,ORDER_1630,REJECTED-MISMATCH CURRENCY
322,ORDER_2200,REJECTED-INVALID LOT SIZE
323,ORDER_2630,REJECTED-MISMATCH CURRENCY
324,ORDER_3200,REJECTED-INVALID LOT SIZE
325,ORDER_3630,REJECTED-MISMATCH CURRENCY
326,ORDER_4200,REJECTED-INVALID LOT SIZE
327,ORDER_4630,REJECTED-MISMATCH CURRENCY
328,ORDER_5200,REJECTED-INVALID LOT SIZE
329,ORDER_5630,REJECTED-MISMATCH CURRENCY
330,ORDER_6200,REJECTED-INVALID LOT SIZE
331,ORDER_6630,REJECTED-MISMATCH CURRENCY
332,ORDER_7200,REJECTED-INVALID LOT SIZE
333,ORDER_7630,REJECTED-MISMATCH CURRENCY
334,ORDER_8200,REJECTED-INVALID LOT SIZE
335,ORDER_8630,REJECTED-MISMATCH CURRENCY
336,ORDER_9200,REJECTED-INVALID LOT SIZE
337,ORDER_9630,REJECTED-MISMATCH CURRENCY
338,ORDER_10200,REJECTED-INVALID LOT SIZE
339,ORDER_10630,REJECTED-MISMATCH CURRENCY
340,ORDER_1210,REJECTED-MISMATCH CURRENCY
341,ORDER_2210,REJECTED-MISMATCH CURRENCY
342,ORDER_3210,REJECTED-MISMATCH CURRENCY
343,ORDER_4210,REJECTED-MISMATCH CURRENCY
344,ORDER_5210,REJECTED-MISMATCH CURRENCY
345,ORDER_6210,REJECTED-MISMATCH CURRENCY
346,ORDER_7210,REJECTED-MISMATCH CURRENCY
347,ORDER_8210,REJECTED-MISMATCH CURRENCY
348,ORDER_9210,REJECTED-MISMATCH CURRENCY
349,ORDER_10210,REJECTED-MISMATCH CURRENCY
350,ORDER_1650,REJECTED-INVALID LOT SIZE
351,ORDER_2650,REJECTED-INVALID LOT SIZE
352,ORDER_3650,REJECTED-INVALID LOT SIZE
353,ORDER_4650,REJECTED-INVALID LOT SIZE
354,ORDER_5650,REJECTED-INVALID LOT SIZE
355,ORDER_6650,REJECTED-INVALID LOT SIZE
356,ORDER_7650,REJECTED-INVALID LOT SIZE
357,ORDER_8650,REJECTED-INVALID LOT SIZE
358,ORDER_9650,REJECTED-INVALID LOT SIZE
359,ORDER_10650,REJECTED-INVALID LOT SIZE
360,ORDER_1225,REJECTED-INVALID LOT SIZE
361,ORDER_2225,REJECTED-INVALID LOT SIZE
362,ORDER_3225,REJECTED-INVALID LOT SIZE
363,ORDER_4225,REJECTED-INVALID LOT SIZE
364,ORDER_5225,REJECTED-INVALID LOT SIZE
365,ORDER_6225,REJECTED-INVALID LOT SIZE
366,ORDER_7225,REJECTED-INVALID LOT SIZE
367,ORDER_8225,REJECTED-INVALID LOT SIZE
368,ORDER_9225,REJECTED-INVALID LOT SIZE
369,ORDER_10225,REJECTED-INVALID LOT SIZE
370,ORDER_1665,REJECTED-MISMATCH CURRENCY
371,ORDER_2665,REJECTED-MISMATCH CURRENCY
372,ORDER_3665,REJECTED-MISMATCH CURRENCY
373,ORDER_4665,REJECTED-MISMATCH CURRENCY
374,ORDER_5665,REJECTED-MISMATCH CURRENCY
375,ORDER_6665,REJECTED-MISMATCH CURRENCY
376,ORDER_7665,REJECTED-MISMATCH CURRENCY
377,ORDER_8665,REJECTED-MISMATCH CURRENCY
378,ORDER_9665,REJECTED-MISMATCH CURRENCY
379,ORDER_10665,REJECTED-MISMATCH CURRENCY
380,ORDER_1245,REJECTED-MISMATCH CURRENCY
381,ORDER_1675,REJECTED-INVALID LOT SIZE
382,ORDER_2245,REJECTED-MISMATCH CURRENCY
383,ORDER_2675,REJECTED-INVALID LOT SIZE
384,ORDER_3245,REJECTED-MISMATCH CURRENCY
385,ORDER_3675,REJECTED-INVALID LOT SIZE
386,ORDER_4245,REJECTED-MISMATCH CURRENCY
387,ORDER_4675,REJECTED-INVALID LOT SIZE
388,ORDER_5245,REJECTED-MISMATCH CURRENCY
389,ORDER_5675,REJECTED-INVALID LOT SIZE
390,ORDER_6245,REJECTED-MISMATCH CURRENCY
391,ORDER_6675,REJECTED-INVALID LOT SIZE
392,ORDER_7245,REJECTED-MISMATCH CURRENCY
393,ORDER_7675,REJECTED-INVALID LOT SIZE
394,ORDER_8245,REJECTED-MISMATCH CURRENCY
395,ORDER_8675,REJECTED-INVALID LOT SIZE
396,ORDER_9245,REJECTED-MISMATCH CURRENCY
397,ORDER_9675,REJECTED-INVALID LOT SIZE
398,ORDER_10245,REJECTED-MISMATCH CURRENCY
399,ORDER_10675,REJECTED-INVALID LOT SIZE
400,ORDER_1250,REJECTED-INVALID LOT SIZE
401,ORDER_2250,REJECTED-INVALID LOT SIZE
402,ORDER_3250,REJECTED-INVALID LOT SIZE
403,ORDER_4250,REJECTED-INVALID LOT SIZE
404,ORDER_5250,REJECTED-INVALID LOT SIZE
405,ORDER_6250,REJECTED-INVALID LOT SIZE
406,ORDER_7250,REJECTED-INVALID LOT SIZE
407,ORDER_8250,REJECTED-INVALID LOT SIZE
408,ORDER_9250,REJECTED-INVALID LOT SIZE
409,ORDER_10250,REJECTED-INVALID LOT SIZE
410,ORDER_1700,REJECTED-MISMATCH CURRENCY
411,ORDER_2700,REJECTED-MISMATCH CURRENCY
412,ORDER_3700,REJECTED-MISMATCH CURRENCY
413,ORDER_4700,REJECTED-MISMATCH CURRENCY
414,ORDER_5700,REJECTED-MISMATCH CURRENCY
415,ORDER_6700,REJECTED-MISMATCH CURRENCY
416,ORDER_7700,REJECTED-MISMATCH CURRENCY
417,ORDER_8700,REJECTED-MISMATCH CURRENCY
418,ORDER_9700,REJECTED-MISMATCH CURRENCY
419,ORDER_10700,REJECTED-MISMATCH CURRENCY
420,ORDER_1275,REJECTED-INVALID LOT SIZE
421,ORDER_2275,REJECTED-INVALID LOT SIZE
422,ORDER_3275,REJECTED-INVALID LOT SIZE
423,ORDER_4275,REJECTED-INVALID LOT SIZE
424,ORDER_5275,REJECTED-INVALID LOT SIZE
425,ORDER_6275,REJECTED-INVALID LOT SIZE
426,ORDER_7275,REJECTED-INVALID LOT SIZE
427,ORDER_8275,REJECTED-INVALID LOT SIZE
428,ORDER_9275,REJECTED-INVALID LOT SIZE
429,ORDER_10275,REJECTED-INVALID LOT SIZE
430,ORDER_1280,REJECTED-MISMATCH CURRENCY
431,ORDER_2280,REJECTED-MISMATCH CURRENCY
432,ORDER_3280,REJECTED-MISMATCH CURRENCY
433,ORDER_4280,REJECTED-MISMATCH CURRENCY
434,ORDER_5280,REJECTED-MISMATCH CURRENCY
435,ORDER_6280,REJECTED-MISMATCH CURRENCY
436,ORDER_7280,REJECTED-MISMATCH CURRENCY
437,ORDER_8280,REJECTED-MISMATCH CURRENCY
438,ORDER_9280,REJECTED-MISMATCH CURRENCY
439,ORDER_10280,REJECTED-MISMATCH CURRENCY
440,ORDER_1725,REJECTED-INVALID LOT SIZE
441,ORDER_2725,REJECTED-INVALID LOT SIZE
442,ORDER_3725,REJECTED-INVALID LOT SIZE
443,ORDER_4725,REJECTED-INVALID LOT SIZE
444,ORDER_5725,REJECTED-INVALID LOT SIZE
445,ORDER_6725,REJECTED-INVALID LOT SIZE
446,ORDER_7725,REJECTED-INVALID LOT SIZE
447,ORDER_8725,REJECTED-INVALID LOT SIZE
448,ORDER_9725,REJECTED-INVALID LOT SIZE
449,ORDER_10725,REJECTED-INVALID LOT SIZE
450,ORDER_1300,REJECTED-INVALID LOT SIZE
451,ORDER_2300,REJECTED-INVALID LOT SIZE
452,ORDER_3300,REJECTED-INVALID LOT SIZE
453,ORDER_4300,REJECTED-INVALID LOT SIZE
454,ORDER_5300,REJECTED-INVALID LOT SIZE
455,ORDER_6300,REJECTED-INVALID LOT SIZE
456,ORDER_7300,REJECTED-INVALID LOT SIZE
457,ORDER_8300,REJECTED-INVALID LOT SIZE
458,ORDER_9300,REJECTED-INVALID LOT SIZE
459,ORDER_10300,REJECTED-INVALID LOT SIZE
460,ORDER_1735,REJECTED-MISMATCH CURRENCY
461,ORDER_2735,REJECTED-MISMATCH CURRENCY
462,ORDER_3735,REJECTED-MISMATCH CURRENCY
463,ORDER_4735,REJECTED-MISMATCH CURRENCY
464,ORDER_5735,REJECTED-MISMATCH CURRENCY
465,ORDER_6735,REJECTED-MISMATCH CURRENCY
466,ORDER_7735,REJECTED-MISMATCH CURRENCY
467,ORDER_8735,REJECTED-MISMATCH CURRENCY
468,ORDER_9735,REJECTED-MISMATCH CURRENCY
469,ORDER_10735,REJECTED-MISMATCH CURRENCY
470,ORDER_1315,REJECTED-MISMATCH CURRENCY
471,ORDER_2315,REJECTED-MISMATCH CURRENCY
472,ORDER_3315,REJECTED-MISMATCH CURRENCY
473,ORDER_4315,REJECTED-MISMATCH CURRENCY
474,ORDER_5315,REJECTED-MISMATCH CURRENCY
475,ORDER_6315,REJECTED-MISMATCH CURRENCY
476,ORDER_7315,REJECTED-MISMATCH CURRENCY
477,ORDER_8315,REJECTED-MISMATCH CURRENCY
478,ORDER_9315,REJECTED-MISMATCH CURRENCY
479,ORDER_10315,REJECTED-MISMATCH CURRENCY
480,ORDER_1750,REJECTED-INVALID LOT SIZE
481,ORDER_2750,REJECTED-INVALID LOT SIZE
482,ORDER_3750,REJECTED-INVALID LOT SIZE
483,ORDER_4750,REJECTED-INVALID LOT SIZE
484,ORDER_5750,REJECTED-INVALID LOT SIZE
485,ORDER_6750,REJECTED-INVALID LOT SIZE
486,ORDER_7750,REJECTED-INVALID LOT SIZE
487,ORDER_8750,REJECTED-INVALID LOT SIZE
488,ORDER_9750,REJECTED-INVALID LOT SIZE
489,ORDER_10750,REJECTED-INVALID LOT SIZE
490,ORDER_1325,REJECTED-INVALID LOT SIZE
491,ORDER_2325,REJECTED-INVALID LOT SIZE
492,ORDER_3325,REJECTED-INVALID LOT SIZE
493,ORDER_4325,REJECTED-INVALID LOT SIZE
494,ORDER_5325,REJECTED-INVALID LOT SIZE
495,ORDER_6325,REJECTED-INVALID LOT SIZE
496,ORDER_7325,REJECTED-INVALID LOT SIZE
497,ORDER_8325,REJECTED-INVALID LOT SIZE
498,ORDER_9325,REJECTED-INVALID LOT SIZE
499,ORDER_10325,REJECTED-INVALID LOT SIZE
500,ORDER_1770,REJECTED-MISMATCH CURRENCY
501,ORDER_2770,REJECTED-MISMATCH CURRENCY
502,ORDER_3770,REJECTED-MISMATCH CURRENCY
503,ORDER_4770,REJECTED-MISMATCH CURRENCY
504,ORDER_5770,REJECTED-MISMATCH CURRENCY
505,ORDER_6770,REJECTED-MISMATCH CURRENCY
506,ORDER_7770,REJECTED-MISMATCH CURRENCY
507,ORDER_8770,REJECTED-MISMATCH CURRENCY
508,ORDER_9770,REJECTED-MISMATCH CURRENCY
509,ORDER_10770,REJECTED-MISMATCH CURRENCY
510,ORDER_1775,REJECTED-INVALID LOT SIZE
511,ORDER_2775,REJECTED-INVALID LOT SIZE
512,ORDER_3775,REJECTED-INVALID LOT SIZE
513,ORDER_4775,REJECTED-INVALID LOT SIZE
514,ORDER_5775,REJECTED-INVALID LOT SIZE
515,ORDER_6775,REJECTED-INVALID LOT SIZE
516,ORDER_7775,REJECTED-INVALID LOT SIZE
517,ORDER_8775,REJECTED-INVALID LOT SIZE
518,ORDER_9775,REJECTED-INVALID LOT SIZE
519,ORDER_10775,REJECTED-INVALID LOT SIZE
520,ORDER_1350,REJECTED-MISMATCH CURRENCY
521,ORDER_2350,REJECTED-MISMATCH CURRENCY
522,ORDER_3350,REJECTED-MISMATCH CURRENCY
523,ORDER_4350,REJECTED-MISMATCH CURRENCY
524,ORDER_5350,REJECTED-MISMATCH CURRENCY
525,ORDER_6350,REJECTED-MISMATCH CURRENCY
526,ORDER_7350,REJECTED-MISMATCH CURRENCY
527,ORDER_8350,REJECTED-MISMATCH CURRENCY
528,ORDER_9350,REJECTED-MISMATCH CURRENCY
529,ORDER_10350,REJECTED-MISMATCH CURRENCY
530,ORDER_1800,REJECTED-INVALID LOT SIZE
531,ORDER_2800,REJECTED-INVALID LOT SIZE
532,ORDER_3800,REJECTED-INVALID LOT SIZE
533,ORDER_4800,REJECTED-INVALID LOT SIZE
534,ORDER_5800,REJECTED-INVALID LOT SIZE
535,ORDER_6800,REJECTED-INVALID LOT SIZE
536,ORDER_7800,REJECTED-INVALID LOT SIZE
537,ORDER_8800,REJECTED-INVALID LOT SIZE
538,ORDER_9800,REJECTED-INVALID LOT SIZE
539,ORDER_10800,REJECTED-INVALID LOT SIZE
540,ORDER_1375,REJECTED-INVALID LOT SIZE
541,ORDER_1805,REJECTED-MISMATCH CURRENCY
542,ORDER_2375,REJECTED-INVALID LOT SIZE
543,ORDER_2805,REJECTED-MISMATCH CURRENCY
544,ORDER_3375,REJECTED-INVALID LOT SIZE
545,ORDER_3805,REJECTED-MISMATCH CURRENCY
546,ORDER_4375,REJECTED-INVALID LOT SIZE
547,ORDER_4805,REJECTED-MISMATCH CURRENCY
548,ORDER_5375,REJECTED-INVALID LOT SIZE
549,ORDER_5805,REJECTED-MISMATCH CURRENCY
550,ORDER_6375,REJECTED-INVALID LOT SIZE
551,ORDER_6805,REJECTED-MISMATCH CURRENCY
552,ORDER_7375,REJECTED-INVALID LOT SIZE
553,ORDER_7805,REJECTED-MISMATCH CURRENCY
554,ORDER_8375,REJECTED-INVALID LOT SIZE
555,ORDER_8805,REJECTED-MISMATCH CURRENCY
556,ORDER_9375,REJECTED-INVALID LOT SIZE
557,ORDER_9805,REJECTED-MISMATCH CURRENCY
558,ORDER_10375,REJECTED-INVALID LOT SIZE
559,ORDER_10805,REJECTED-MISMATCH CURRENCY
560,ORDER_1385,REJECTED-MISMATCH CURRENCY
561,ORDER_2385,REJECTED-MISMATCH CURRENCY
562,ORDER_3385,REJECTED-MISMATCH CURRENCY
563,ORDER_4385,REJECTED-MISMATCH CURRENCY
564,ORDER_5385,REJECTED-MISMATCH CURRENCY
565,ORDER_6385,REJECTED-MISMATCH CURRENCY
566,ORDER_7385,REJECTED-MISMATCH CURRENCY
567,ORDER_8385,REJECTED-MISMATCH CURRENCY
568,ORDER_9385,REJECTED-MISMATCH CURRENCY
569,ORDER_10385,REJECTED-MISMATCH CURRENCY
570,ORDER_1825,REJECTED-INVALID LOT SIZE
571,ORDER_2825,REJECTED-INVALID LOT SIZE
572,ORDER_3825,REJECTED-INVALID LOT SIZE
573,ORDER_4825,REJECTED-INVALID LOT SIZE
574,ORDER_5825,REJECTED-INVALID LOT SIZE
575,ORDER_6825,REJECTED-INVALID LOT SIZE
576,ORDER_7825,REJECTED-INVALID LOT SIZE
577,ORDER_8825,REJECTED-INVALID LOT SIZE
578,ORDER_9825,REJECTED-INVALID LOT SIZE
579,ORDER_10825,REJECTED-INVALID LOT SIZE
580,ORDER_1400,REJECTED-INVALID LOT SIZE
581,ORDER_2400,REJECTED-INVALID LOT SIZE
582,ORDER_3400,REJECTED-INVALID LOT SIZE
583,ORDER_4400,REJECTED-INVALID LOT SIZE
584,ORDER_5400,REJECTED-INVALID LOT SIZE
585,ORDER_6400,REJECTED-INVALID LOT SIZE
586,ORDER_7400,REJECTED-INVALID LOT SIZE
587,ORDER_8400,REJECTED-INVALID LOT SIZE
588,ORDER_9400,REJECTED-INVALID LOT SIZE
589,ORDER_10400,REJECTED-INVALID LOT SIZE
590,ORDER_1840,REJECTED-MISMATCH CURRENCY
591,ORDER_2840,REJECTED-MISMATCH CURRENCY
592,ORDER_3840,REJECTED-MISMATCH CURRENCY
593,ORDER_4840,REJECTED-MISMATCH CURRENCY
594,ORDER_5840,REJECTED-MISMATCH CURRENCY
595,ORDER_6840,REJECTED-MISMATCH CURRENCY
596,ORDER_7840,REJECTED-MISMATCH CURRENCY
597,ORDER_8840,REJECTED-MISMATCH CURRENCY
598,ORDER_9840,REJECTED-MISMATCH CURRENCY
599,ORDER_10840,REJECTED-MISMATCH CURRENCY
600,ORDER_1420,REJECTED-MISMATCH CURRENCY
601,ORDER_1850,REJECTED-INVALID LOT SIZE
602,ORDER_2420,REJECTED-MISMATCH CURRENCY
603,ORDER_2850,REJECTED-INVALID LOT SIZE
604,ORDER_3420,REJECTED-MISMATCH CURRENCY
605,ORDER_3850,REJECTED-INVALID LOT SIZE
606,ORDER_4420,REJECTED-MISMATCH CURRENCY
607,ORDER_4850,REJECTED-INVALID LOT SIZE
608,ORDER_5420,REJECTED-MISMATCH CURRENCY
609,ORDER_5850,REJECTED-INVALID LOT SIZE
610,ORDER_6420,REJECTED-MISMATCH CURRENCY
611,ORDER_6850,REJECTED-INVALID LOT SIZE
612,ORDER_7420,REJECTED-MISMATCH CURRENCY
613,ORDER_7850,REJECTED-INVALID LOT SIZE
614,ORDER_8420,REJECTED-MISMATCH CURRENCY
615,ORDER_8850,REJECTED-INVALID LOT SIZE
616,ORDER_9420,REJECTED-MISMATCH CURRENCY
617,ORDER_9850,REJECTED-INVALID LOT SIZE
618,ORDER_10420,REJECTED-MISMATCH CURRENCY
619,ORDER_10850,REJECTED-INVALID LOT SIZE
620,ORDER_1425,REJECTED-INVALID LOT SIZE
621,ORDER_2425,REJECTED-INVALID LOT SIZE
622,ORDER_3425,REJECTED-INVALID LOT SIZE
623,ORDER_4425,REJECTED-INVALID LOT SIZE
624,ORDER_5425,REJECTED-INVALID LOT SIZE
625,ORDER_6425,REJECTED-INVALID LOT SIZE
626,ORDER_7425,REJECTED-INVALID LOT SIZE
627,ORDER_8425,REJECTED-INVALID LOT SIZE
628,ORDER_9425,REJECTED-INVALID LOT SIZE
629,ORDER_10425,REJECTED-INVALID LOT SIZE
